rank,word,count_shakespeare,count_wikitext,log_odds,z_score,pct_in_structure,likely_name_or_stage_word,rate_ratio,is_archaic_candidate
1,i,22210,2509,0.791,103.877,2.4,False,18.8,False
2,you,14400,912,0.85,87.057,1.8,False,33.5,False
3,my,13204,497,0.884,85.19,0.9,False,56.3,False
4,me,8279,465,0.857,66.277,1.0,False,37.7,False
5,your,7065,208,0.893,62.624,1.2,False,71.8,False
6,thou,5866,7,0.934,58.438,1.1,False,1658.3,True
7,thy,4354,7,0.933,50.304,1.0,False,1230.9,True
8,will,5302,899,0.725,48.004,1.4,False,12.5,False
9,shall,3858,31,0.923,47.084,1.4,False,259.7,True
10,so,5478,1304,0.658,45.944,0.9,False,8.9,False
11,not,9068,4894,0.443,45.059,1.1,False,3.9,False
12,thee,3423,13,0.929,44.506,0.7,False,537.6,True
13,what,4781,1006,0.684,43.968,1.3,False,10.1,False
14,do,4010,726,0.712,41.308,1.2,False,11.7,False
15,lord,3134,153,0.866,40.964,12.1,False,43.3,False
16,our,3290,272,0.822,40.761,0.5,False,25.6,False
17,him,5577,2269,0.525,39.86,2.8,False,5.2,False
18,sir,2998,168,0.856,39.815,12.9,False,37.7,False
19,we,3560,662,0.707,38.747,0.7,False,11.4,False
20,if,3803,1025,0.63,37.201,1.8,False,7.9,False
21,enter,2487,120,0.866,36.501,87.8,True,43.8,False
22,good,2994,516,0.721,35.953,1.3,False,12.3,False
23,o,2831,462,0.73,35.24,2.2,False,13.0,False
24,come,2654,343,0.767,35.148,2.0,False,16.4,False
25,king,3015,639,0.682,34.844,49.3,True,10.0,False
26,let,2245,110,0.865,34.655,1.3,False,43.1,False
27,hath,2065,8,0.928,34.55,0.6,False,515.1,True
28,am,2297,158,0.839,34.46,1.5,False,30.7,False
29,here,2281,201,0.815,33.768,1.8,False,24.0,False
30,have,6269,4199,0.374,33.052,1.0,False,3.2,False
31,i'll,1893,28,0.912,32.77,1.6,False,140.8,True
32,be,7369,5771,0.323,32.043,1.4,False,2.7,False
33,this,7125,5496,0.328,31.881,1.3,False,2.7,False
34,now,3032,958,0.591,31.86,1.5,False,6.7,False
35,but,6781,5154,0.333,31.451,1.5,False,2.8,False
36,no,4078,2128,0.452,30.646,0.8,False,4.1,False
37,how,2323,527,0.668,30.176,1.4,False,9.3,False
38,say,1760,157,0.814,29.628,1.5,False,23.7,False
39,love,2353,618,0.635,29.424,1.1,False,8.1,False
40,tis,1516,20,0.915,29.362,0.8,False,156.8,True
41,know,1762,228,0.767,28.625,1.1,False,16.3,False
42,yet,1763,250,0.753,28.324,1.5,False,14.9,False
43,why,1568,129,0.822,28.133,1.2,False,25.7,False
44,go,1809,379,0.684,27.035,2.3,False,10.1,False
45,must,1639,267,0.73,26.808,0.9,False,13.0,False
46,upon,1864,476,0.642,26.353,1.1,False,8.3,False
47,all,4305,3100,0.35,26.042,5.0,False,2.9,False
48,scene,1631,328,0.692,25.86,50.2,True,10.5,False
49,mine,1265,97,0.829,25.389,0.6,False,27.5,False
50,exeunt,1095,0,0.934,25.235,98.1,True,4643.3,False
51,doth,1083,3,0.93,25.037,0.6,False,656.1,True
52,speak,1211,86,0.836,24.963,1.2,False,29.7,False
53,should,1701,458,0.63,24.864,1.0,False,7.9,False
54,give,1427,289,0.69,24.156,1.8,False,10.5,False
55,duke,1143,96,0.82,23.98,45.4,True,25.1,False
56,see,1551,430,0.623,23.573,1.2,False,7.6,False
57,tell,1130,120,0.793,23.387,0.9,False,19.9,False
58,man,1941,801,0.52,23.351,2.1,False,5.1,False
59,her,4638,4118,0.281,22.76,2.5,False,2.4,False
60,heart,1096,147,0.761,22.477,0.7,False,15.8,False
61,make,1789,733,0.522,22.477,0.7,False,5.2,False
62,nor,1059,122,0.783,22.462,0.5,False,18.3,False
63,exit,1041,111,0.793,22.438,98.4,True,19.8,False
64,fair,897,50,0.856,21.768,1.1,False,37.7,False
65,hear,930,82,0.815,21.55,1.7,False,23.9,False
66,think,1103,207,0.705,21.514,0.9,False,11.3,False
67,ay,792,3,0.928,21.39,1.9,False,479.8,True
68,queen,1053,179,0.723,21.35,51.7,True,12.4,False
69,pray,786,12,0.911,21.1,1.5,False,133.3,True
70,well,2395,1542,0.386,20.904,1.5,False,3.3,False
71,then,2440,1617,0.376,20.718,1.0,False,3.2,False
72,mistress,762,16,0.903,20.673,42.3,True,97.9,False
73,sweet,882,94,0.793,20.653,2.0,False,19.8,False
74,too,1353,499,0.551,20.281,1.2,False,5.7,False
75,till,697,21,0.89,19.616,0.6,False,68.7,False
76,lady,951,206,0.677,19.473,28.4,True,9.8,False
77,like,2027,1289,0.39,19.375,1.2,False,3.3,False
78,look,887,186,0.683,18.921,1.0,False,10.1,False
79,hast,617,1,0.931,18.913,0.8,False,872.1,True
80,eyes,807,129,0.733,18.856,0.6,False,13.2,False
81,nay,611,1,0.931,18.821,1.5,False,863.6,True
82,noble,675,42,0.847,18.776,0.6,False,33.7,False
83,master,809,142,0.717,18.621,2.2,False,12.0,False
84,falstaff,593,3,0.926,18.487,86.8,True,359.2,False
85,honour,691,65,0.807,18.479,0.9,False,22.4,False
86,cannot,825,165,0.693,18.404,0.5,False,10.6,False
87,true,878,210,0.656,18.34,1.5,False,8.8,False
88,us,1755,1091,0.397,18.274,0.6,False,3.4,False
89,gentleman,595,18,0.89,18.121,44.7,True,68.2,False
90,heaven,670,69,0.797,18.056,0.7,False,20.4,False
91,it,8210,10851,0.149,17.797,1.1,False,1.6,False
92,hand,926,282,0.6,17.771,3.3,False,6.9,False
93,take,1289,631,0.47,17.729,1.6,False,4.3,False
94,fear,696,104,0.744,17.671,0.7,False,14.1,False
95,madam,526,1,0.931,17.458,1.9,False,743.5,True
96,did,1791,1217,0.368,17.456,0.3,False,3.1,False
97,that,11830,17181,0.119,17.45,0.7,False,1.5,False
98,myself,599,50,0.82,17.364,1.0,False,25.1,False
99,grace,602,53,0.815,17.338,1.0,False,23.9,False
100,thine,505,2,0.928,17.076,1.2,False,428.3,True
101,antony,517,14,0.895,16.938,56.3,True,75.6,False
102,prince,744,178,0.656,16.881,44.4,True,8.8,False
103,never,1150,556,0.474,16.838,0.5,False,4.4,False
104,nothing,679,131,0.7,16.799,0.6,False,10.9,False
105,is,9742,13793,0.127,16.794,1.2,False,1.5,False
106,bear,581,63,0.79,16.733,1.4,False,19.4,False
107,brutus,493,10,0.904,16.637,63.1,True,99.5,False
108,fool,483,6,0.915,16.579,19.9,False,157.5,True
109,thus,847,282,0.577,16.569,1.1,False,6.4,False
110,unto,473,3,0.924,16.492,0.2,False,286.5,True
111,comes,659,130,0.695,16.487,2.3,False,10.7,False
112,dear,485,15,0.889,16.351,1.6,False,66.3,False
113,richard,771,232,0.603,16.267,74.4,True,7.0,False
114,caesar,520,43,0.821,16.189,31.2,True,25.3,False
115,dost,452,2,0.927,16.148,0.4,False,383.3,True
116,gloucester,458,6,0.914,16.134,67.2,True,149.4,False
117,them,2133,1813,0.295,16.041,2.3,False,2.5,False
118,blood,717,204,0.616,15.918,0.4,False,7.4,False
119,servant,454,15,0.886,15.791,59.3,True,62.1,False
120,done,712,212,0.605,15.676,1.8,False,7.1,False
121,art,989,474,0.476,15.675,1.3,False,4.4,False
122,stand,608,132,0.676,15.561,3.0,False,9.7,False
123,therefore,654,177,0.628,15.391,0.3,False,7.8,False
124,leave,711,227,0.588,15.367,1.5,False,6.6,False
125,tongue,450,29,0.844,15.3,0.7,False,32.3,False
126,poor,710,233,0.581,15.234,0.8,False,6.4,False
127,ere,399,2,0.926,15.164,0.5,False,338.4,True
128,warwick,413,12,0.892,15.112,52.8,True,70.1,False
129,father,886,418,0.481,14.938,1.7,False,4.5,False
130,aside,481,67,0.755,14.82,87.1,True,15.1,False
131,gentle,402,16,0.877,14.772,1.5,False,51.7,False
132,please,413,23,0.856,14.769,1.5,False,37.3,False
133,none,517,96,0.707,14.752,0.4,False,11.4,False
134,lords,496,82,0.728,14.71,15.3,False,12.7,False
135,gone,492,84,0.722,14.581,1.8,False,12.3,False
136,farewell,376,10,0.895,14.45,1.9,False,75.9,False
137,hamlet,461,68,0.746,14.405,82.9,True,14.3,False
138,iago,361,5,0.913,14.315,82.5,True,139.2,False
139,his,7605,10927,0.122,14.311,3.0,False,1.5,False
140,call,598,182,0.6,14.282,0.3,False,6.9,False
141,forth,408,36,0.814,14.27,1.0,False,23.7,False
142,soul,473,83,0.717,14.237,2.1,False,12.0,False
143,die,525,127,0.653,14.146,0.6,False,8.7,False
144,else,451,73,0.731,14.069,0.2,False,13.0,False
145,answer,396,35,0.814,14.057,1.5,False,23.7,False
146,page,438,65,0.745,14.029,66.7,True,14.2,False
147,whose,704,292,0.518,14.028,0.6,False,5.1,False
148,clown,365,16,0.871,14.027,93.7,True,46.9,False
149,messenger,357,12,0.885,13.995,79.6,True,60.6,False
150,peace,556,161,0.612,13.954,1.8,False,7.3,False
151,god,823,423,0.456,13.845,1.1,False,4.1,False
152,welcome,380,35,0.81,13.726,2.6,False,22.7,False
153,wilt,329,3,0.92,13.721,1.2,False,199.3,True
154,shame,351,17,0.865,13.701,0.6,False,42.5,False
155,brother,588,202,0.569,13.673,4.1,False,6.2,False
156,indeed,451,88,0.697,13.664,0.9,False,10.8,False
157,what's,358,23,0.844,13.648,2.2,False,32.3,False
158,shalt,320,1,0.929,13.602,0.9,False,452.3,True
159,hence,382,41,0.792,13.58,1.6,False,19.5,False
160,there's,413,64,0.738,13.545,1.5,False,13.6,False
161,that's,441,85,0.7,13.54,0.5,False,10.9,False
162,timon,314,0,0.934,13.51,71.7,True,1331.5,False
163,we'll,342,17,0.864,13.509,1.5,False,41.4,False
164,ye,328,9,0.894,13.486,1.8,False,73.2,False
165,away,910,543,0.409,13.47,2.6,False,3.5,False
166,othello,324,9,0.893,13.4,91.0,True,72.3,False
167,hither,308,0,0.934,13.38,2.3,False,1306.1,True
168,keep,520,160,0.597,13.277,0.4,False,6.9,False
169,marry,380,50,0.764,13.261,1.8,False,16.0,False
170,pardon,314,7,0.901,13.254,2.2,False,88.8,False
171,henry,620,257,0.518,13.167,64.7,True,5.1,False
172,tears,335,25,0.831,13.084,2.7,False,27.9,False
173,thank,308,9,0.891,13.048,1.3,False,68.7,False
174,faith,426,93,0.675,13.011,1.4,False,9.7,False
175,bring,488,146,0.604,12.96,1.0,False,7.1,False
176,she,2760,3181,0.194,12.922,2.0,False,1.8,False
177,friend,568,220,0.537,12.918,12.7,False,5.5,False
178,dead,602,257,0.51,12.829,1.5,False,5.0,False
179,lie,350,43,0.774,12.824,1.4,False,17.1,False
180,claudio,287,5,0.908,12.724,64.1,True,110.6,False
181,romeo,300,13,0.872,12.722,59.7,True,47.1,False
182,rosalind,280,1,0.928,12.718,79.6,True,395.8,False
183,honest,309,20,0.844,12.675,1.9,False,32.0,False
184,better,634,297,0.483,12.674,0.8,False,4.5,False
185,fortune,350,48,0.758,12.665,0.3,False,15.3,False
186,sword,370,65,0.717,12.589,5.4,False,12.0,False
187,than,2016,2108,0.226,12.565,0.4,False,2.0,False
188,son,726,408,0.428,12.432,3.7,False,3.8,False
189,daughter,546,223,0.523,12.425,15.9,False,5.2,False
190,macbeth,282,10,0.883,12.418,80.9,True,56.9,False
191,more,2519,2898,0.194,12.375,0.9,False,1.8,False
192,great,979,707,0.348,12.369,1.7,False,2.9,False
193,would,2487,2854,0.195,12.34,0.9,False,1.8,False
194,wit,274,9,0.886,12.269,0.7,False,61.2,False
195,bed,335,50,0.744,12.26,2.4,False,14.1,False
196,ne'er,258,0,0.934,12.246,1.2,False,1094.0,True
197,majesty,263,3,0.917,12.243,0.4,False,159.3,True
198,yourself,295,23,0.827,12.243,0.3,False,26.6,False
199,eye,512,200,0.535,12.227,1.0,False,5.4,False
200,alas,255,0,0.934,12.174,1.2,False,1081.3,True
201,yours,273,11,0.876,12.168,1.5,False,50.3,False
202,cleopatra,267,8,0.89,12.141,85.0,True,66.6,False
203,o'er,253,0,0.934,12.126,0.8,False,1072.8,True
204,lucius,272,12,0.871,12.105,65.1,True,46.1,False
205,cousin,316,42,0.762,12.079,2.2,False,15.8,False
206,swear,264,8,0.89,12.069,1.9,False,65.9,False
207,hold,503,199,0.531,12.065,2.0,False,5.3,False
208,troilus,252,1,0.928,12.061,64.3,True,356.2,False
209,ever,673,374,0.432,12.04,1.0,False,3.8,False
210,thousand,351,73,0.685,11.918,0.6,False,10.1,False
211,cassio,244,0,0.934,11.909,53.3,True,1034.7,False
212,emilia,244,1,0.928,11.867,84.0,True,344.9,False
213,might,562,269,0.477,11.82,0.5,False,4.4,False
214,mind,393,111,0.618,11.805,1.0,False,7.5,False
215,thyself,240,1,0.928,11.769,0.4,False,339.2,True
216,let's,271,21,0.828,11.739,0.7,False,26.7,False
217,grief,254,12,0.867,11.666,0.4,False,43.1,False
218,false,330,66,0.693,11.637,0.3,False,10.5,False
219,beseech,232,0,0.934,11.612,1.3,False,983.8,True
220,suffolk,248,10,0.876,11.597,65.7,True,50.1,False
221,sure,320,60,0.705,11.586,0.9,False,11.2,False
222,night,751,491,0.38,11.583,0.5,False,3.2,False
223,cry,247,10,0.876,11.572,7.7,False,49.9,False
224,much,1100,931,0.296,11.555,1.0,False,2.5,False
225,there,1954,2160,0.207,11.519,1.6,False,1.9,False
226,buckingham,254,16,0.846,11.508,65.7,True,32.6,False
227,pity,257,18,0.837,11.506,0.4,False,29.5,False
228,foul,267,25,0.808,11.489,0.7,False,22.2,False
229,margaret,290,41,0.753,11.485,71.7,True,14.8,False
230,words,449,176,0.534,11.436,0.7,False,5.4,False
231,palamon,224,0,0.934,11.41,68.8,True,949.9,False
232,desdemona,224,0,0.934,11.41,82.1,True,949.9,False
233,he's,337,79,0.66,11.408,1.5,False,9.0,False
234,heard,383,119,0.595,11.364,2.1,False,6.8,False
235,dromio,222,0,0.934,11.359,82.4,True,941.4,False
236,yes,248,16,0.844,11.357,1.2,False,31.9,False
237,ford,282,39,0.756,11.356,71.3,True,15.1,False
238,breath,243,13,0.858,11.349,0.4,False,38.2,False
239,word,521,251,0.475,11.348,1.3,False,4.4,False
240,sorrow,228,4,0.908,11.34,0.4,False,107.4,True
241,proteus,221,0,0.934,11.334,72.9,True,937.1,False
242,tomorrow,250,18,0.835,11.329,2.4,False,28.7,False
243,antipholus,218,0,0.934,11.256,90.4,True,924.4,False
244,villain,256,24,0.808,11.249,2.0,False,22.2,False
245,boy,434,170,0.534,11.246,12.9,False,5.4,False
246,sleep,280,41,0.748,11.236,2.9,False,14.3,False
247,hope,385,126,0.582,11.225,1.6,False,6.5,False
248,gentlemen,230,8,0.884,11.221,8.3,False,57.4,False
249,thoughts,273,37,0.759,11.201,1.5,False,15.4,False
250,antonio,273,37,0.759,11.201,74.4,True,15.4,False
251,worthy,243,17,0.837,11.189,0.8,False,29.4,False
252,stay,449,188,0.515,11.162,2.0,False,5.1,False
253,he,6950,10772,0.097,11.16,2.2,False,1.4,False
254,dare,228,9,0.877,11.127,1.3,False,50.9,False
255,prithee,213,0,0.934,11.126,1.9,False,903.2,True
256,rome,379,125,0.58,11.112,11.3,False,6.4,False
257,arcite,212,0,0.934,11.1,71.2,True,899.0,False
258,lear,230,11,0.866,11.096,88.7,True,42.4,False
259,petruchio,211,0,0.934,11.074,82.0,True,894.7,False
260,here's,222,7,0.888,11.055,1.8,False,62.8,False
261,titus,235,16,0.84,11.021,67.2,True,30.2,False
262,syracuse,227,11,0.865,11.017,96.5,True,41.9,False
263,mad,275,44,0.733,11.003,0.7,False,13.1,False
264,proud,238,19,0.825,10.978,0.0,False,25.9,False
265,bardolph,207,0,0.934,10.969,69.6,True,877.8,False
266,valentine,228,14,0.848,10.918,71.1,True,33.3,False
267,coriolanus,210,4,0.906,10.869,80.5,True,98.9,False
268,yea,203,0,0.934,10.862,0.5,False,860.8,True
269,cassius,231,18,0.827,10.834,63.2,True,26.5,False
270,devil,231,19,0.822,10.793,1.3,False,25.1,False
271,menenius,200,0,0.934,10.782,91.0,True,848.1,False
272,maid,213,8,0.88,10.773,1.9,False,53.1,False
273,em,219,12,0.857,10.762,0.5,False,37.1,False
274,bid,354,116,0.581,10.76,1.7,False,6.4,False
275,benedick,199,0,0.934,10.755,72.4,True,843.8,False
276,ill,311,80,0.64,10.739,0.6,False,8.2,False
277,bastard,203,3,0.912,10.725,62.1,True,123.0,False
278,men,940,793,0.297,10.712,1.1,False,2.5,False
279,gracious,199,1,0.926,10.708,1.0,False,281.3,True
280,death,945,802,0.295,10.683,0.3,False,2.5,False
281,patience,208,7,0.885,10.682,2.4,False,58.8,False
282,berowne,196,0,0.934,10.673,86.2,True,831.1,False
283,toby,206,6,0.892,10.672,83.0,True,67.2,False
284,lay,302,76,0.645,10.635,1.7,False,8.4,False
285,friar,205,7,0.885,10.6,57.1,True,58.0,False
286,strange,268,51,0.702,10.577,0.7,False,11.0,False
287,shallow,265,49,0.707,10.568,60.0,True,11.4,False
288,matter,367,135,0.551,10.567,0.5,False,5.7,False
289,pandarus,192,0,0.934,10.564,88.0,True,814.2,False
290,find,566,342,0.405,10.545,1.2,False,3.5,False
291,highness,191,0,0.934,10.536,0.5,False,809.9,True
292,canst,191,0,0.934,10.536,1.6,False,809.9,True
293,angelo,210,12,0.854,10.517,61.4,True,35.6,False
294,friends,503,274,0.438,10.516,1.0,False,3.9,False
295,didst,190,0,0.934,10.508,0.5,False,805.7,True
296,hector,200,6,0.89,10.507,34.5,True,65.2,False
297,soldier,273,58,0.681,10.469,42.9,True,9.9,False
298,weep,190,2,0.918,10.414,1.6,False,161.1,True
299,pericles,186,0,0.934,10.397,71.5,True,788.7,False
300,truth,347,124,0.559,10.373,0.9,False,5.9,False
