n,d,val_ppl
2,0.5,155.5758329389899
2,0.6,152.49520837843698
2,0.7,150.55044113525906
2,0.75,149.9795368418119
2,0.8,149.69826581737416
2,0.9,150.28206296823936
3,0.5,165.36659336426123
3,0.6,153.23696746037592
3,0.7,144.74935364157463
3,0.75,141.60972305181107
3,0.8,139.16535294190146
3,0.9,136.6658103058962
4,0.5,189.31766573632328
4,0.6,168.416597210676
4,0.7,153.89126429567918
4,0.75,148.42974956518552
4,0.8,144.02860925107245
4,0.9,138.59441217726075
5,0.5,206.18201599317942
5,0.6,179.9221578568986
5,0.7,161.79235514618526
5,0.75,154.9612991525205
5,0.8,149.4102768998858
5,0.9,142.24164212185767
