view,rank,word,count,pct_in_tags_stage_headers,stage_keyword,contains_apostrophe,flagged
with stopwords,1,the,30350,4.6,False,False,False
with stopwords,2,and,28495,5.6,False,False,False
with stopwords,3,i,22210,2.4,False,False,False
with stopwords,4,to,20997,3.1,False,False,False
with stopwords,5,of,18721,4.9,False,False,False
with stopwords,6,a,16488,5.9,False,False,False
with stopwords,7,you,14400,1.8,False,False,False
with stopwords,8,my,13204,0.9,False,False,False
with stopwords,9,in,12439,3.5,False,False,False
with stopwords,10,that,11830,0.7,False,False,False
with stopwords,11,is,9742,1.2,False,False,False
with stopwords,12,not,9068,1.1,False,False,False
with stopwords,13,with,8514,5.5,False,False,False
with stopwords,14,me,8279,1.0,False,False,False
with stopwords,15,it,8210,1.1,False,False,False
with stopwords,16,for,8205,1.0,False,False,False
with stopwords,17,his,7605,3.0,False,False,False
with stopwords,18,be,7369,1.4,False,False,False
with stopwords,19,this,7125,1.3,False,False,False
with stopwords,20,your,7065,1.2,False,False,False
without stopwords,1,shall,3858,1.4,False,False,False
without stopwords,2,lord,3134,12.1,False,False,True
without stopwords,3,king,3015,49.3,False,False,True
without stopwords,4,sir,2998,12.9,False,False,True
without stopwords,5,good,2994,1.3,False,False,False
without stopwords,6,come,2654,2.0,False,False,False
without stopwords,7,would,2487,0.9,False,False,False
without stopwords,8,enter,2487,87.8,True,False,True
without stopwords,9,well,2395,1.5,False,False,False
without stopwords,10,love,2353,1.1,False,False,False
without stopwords,11,let,2245,1.3,False,False,False
without stopwords,12,like,2027,1.2,False,False,False
without stopwords,13,one,1973,2.8,False,False,False
without stopwords,14,man,1941,2.1,False,False,False
without stopwords,15,upon,1864,1.1,False,False,False
without stopwords,16,go,1809,2.3,False,False,False
without stopwords,17,may,1797,1.0,False,False,False
without stopwords,18,make,1789,0.7,False,False,False
without stopwords,19,yet,1763,1.5,False,False,False
without stopwords,20,know,1762,1.1,False,False,False
