text so far,actual next,chips (probability order),chips (reranked)
Nine changes of the ,watery,world (0.10) | time (0.04) | night (0.02),world (0.10) | time (0.04) | commonwealth (0.01)
Nine changes of the wa,watery,way (0.24) | wars (0.20) | war (0.11),wars (0.20) | way (0.24) | walls (0.06)
Plain and not honest ,is,men (0.09) | man (0.05) | to (0.03),men (0.09) | gentleman (0.03) | man (0.05)
Plain and not honest is,is,is (0.81) | Isabel (0.09) | issue (0.05),Isabel (0.09) | issue (0.05) | Isabella (0.02)
"Ah, that thou ",wouldst,art (0.15) | hast (0.12) | wert (0.09),hast (0.12) | art (0.15) | wert (0.09)
"Ah, that thou wo",wouldst,wouldst (0.84) | would (0.06) | wo't (0.03),wouldst (0.84) | would (0.06) | worthiest (0.02)
"Rivers and Hastings, ",take,and (0.06) | the (0.02) | to (0.02),and (0.06) | that (0.02) | whose (0.01)
"Rivers and Hastings, ta",take,take (0.51) | tam (0.10) | Tamora (0.07),take (0.51) | Tamora (0.07) | Talbot (0.06)
My ships are ready ,",",to (0.29) | in (0.12) | for (0.07),to (0.29) | in (0.12) | with (0.06)
"My ships are ready ,",",",and (0.45) | I (0.04) | sir (0.04),and (0.45) | sir (0.04) | but (0.02)
He like a puling ,cuckold,man (0.05) | that (0.03) | dog (0.03),traitor (0.03) | man (0.05) | that (0.03)
He like a puling cu,cuckold,cursed (0.19) | cup (0.12) | cut (0.11),cursed (0.19) | curst (0.09) | cunning (0.05)
