kind,play,prefix,actual_next,KN trigram top-5,KN trigram rank,LSTM top-5,LSTM rank,Ensemble top-5,Ensemble rank
archaic next word,antony_and_cleopatra,i have seen thee fight when i have envied,thy,the (0.03) | his (0.03) | him (0.03) | against (0.03) | of (0.01),29,my (0.19) | thee (0.11) | the (0.10) | him (0.05) | her (0.04),6,my (0.16) | the (0.09) | thee (0.09) | him (0.05) | her (0.04),6
archaic next word,twelfth_night_or_what_you_will,"alas , poor fool , how have they baffled",thee,here (0.05) | of (0.01) | and (0.01) | to (0.01) | in (0.01),37,here (0.03) | with (0.01) | thus (0.01) | there (0.01) | in (0.01),18,here (0.04) | with (0.01) | thus (0.01) | in (0.01) | there (0.01),21
archaic next word,second_part_of_king_henry_the_sixth,"my lord ,",i'll,i (0.14) | and (0.07) | you (0.05) | my (0.04) | that (0.03),19,i (0.29) | my (0.06) | you (0.05) | we (0.03) | sir (0.03),10,i (0.26) | my (0.05) | you (0.05) | and (0.03) | sir (0.02),11
archaic next word,tempest,"king's ship , invisible as thou art : there",shalt,is (0.46) | shall (0.10) | are (0.06) | was (0.01) | be (0.01),207,is (0.40) | was (0.04) | are (0.04) | art (0.02) | be (0.02),88,is (0.41) | are (0.04) | was (0.04) | shall (0.03) | be (0.02),94
archaic next word,antony_and_cleopatra,'tis one of those odd tricks which,sorrow,i (0.05) | is (0.03) | the (0.02) | you (0.02) | he (0.02),243,i (0.14) | we (0.09) | is (0.07) | he (0.05) | they (0.04),342,i (0.13) | we (0.07) | is (0.06) | he (0.04) | you (0.03),340
ordinary next word,twelfth_night_or_what_you_will,"you are mad indeed , if you be no",better,more (0.21) | less (0.04) | better (0.04) | great (0.03) | other (0.02),3,more (0.06) | man (0.04) | less (0.03) | matter (0.03) | further (0.02),6,more (0.09) | man (0.03) | less (0.03) | matter (0.02) | better (0.02),5
ordinary next word,second_part_of_king_henry_the_sixth,"john , it will be stinking law , for",his,i (0.09) | the (0.07) | my (0.04) | he (0.04) | a (0.03),13,i (0.07) | the (0.06) | that (0.05) | this (0.03) | they (0.03),13,i (0.07) | the (0.06) | that (0.05) | this (0.03) | all (0.03),13
ordinary next word,tempest,"i visit young ferdinand , whom they suppose is",drown'd,a (0.03) | the (0.03) | not (0.03) | in (0.02) | to (0.02),1533,not (0.04) | the (0.01) | but (0.01) | so (0.01) | in (0.01),773,not (0.04) | the (0.01) | but (0.01) | a (0.01) | in (0.01),833
ordinary next word,tempest,"prithee , say",on,i (0.19) | you (0.10) | they (0.04) | what (0.04) | no (0.02),55,you (0.23) | i (0.08) | thou (0.06) | what (0.04) | not (0.03),42,you (0.21) | i (0.10) | thou (0.05) | what (0.04) | not (0.03),45
ordinary next word,second_part_of_king_henry_the_sixth,by devilish policy art thou grown great,and,in (0.02) | and (0.02) | ones (0.01) | men (0.01) | of (0.01),2,to (0.03) | and (0.02) | men (0.01) | of (0.01) | in (0.01),2,to (0.02) | and (0.02) | men (0.01) | in (0.01) | of (0.01),2
