timestamp,model,n,split,context,hyperparameters,n_tokens,n_word_targets,ppl,top1,top3,top5,mrr,ksr,latency_ms,n_archaic_targets,archaic_ppl,archaic_top1,archaic_top3,archaic_top5,archaic_mrr,archaic_ksr,punct_suggestions,params,size_mb
2026-10-04T14:43:08,kn2,2.0,val,sentence,"{""d"": 0.5}",127773,,155.5758329389899,,,,,,0.0260571482246187,,,,,,,,False,253747.0,3.58
2026-10-04T14:43:12,kn2,2.0,val,sentence,"{""d"": 0.6}",127773,,152.49520837843698,,,,,,0.0255854789163732,,,,,,,,False,253747.0,3.58
2026-10-04T14:43:15,kn2,2.0,val,sentence,"{""d"": 0.7}",127773,,150.55044113525906,,,,,,0.0250719009523582,,,,,,,,False,253747.0,3.58
2026-10-04T14:43:18,kn2,2.0,val,sentence,"{""d"": 0.75}",127773,,149.9795368418119,,,,,,0.0253271786693444,,,,,,,,False,253747.0,3.58
2026-10-04T14:43:22,kn2,2.0,val,sentence,"{""d"": 0.8}",127773,,149.69826581737416,,,,,,0.0252847166504994,,,,,,,,False,253747.0,3.58
2026-10-04T14:43:25,kn2,2.0,val,sentence,"{""d"": 0.9}",127773,,150.28206296823936,,,,,,0.025586098007188,,,,,,,,False,253747.0,3.58
2026-10-04T14:43:30,kn3,3.0,val,sentence,"{""d"": 0.5}",127773,,165.36659336426123,,,,,,0.0391367440668281,,,,,,,,False,818168.0,17.99
2026-10-04T14:43:35,kn3,3.0,val,sentence,"{""d"": 0.6}",127773,,153.23696746037592,,,,,,0.0393146822593951,,,,,,,,False,818168.0,17.99
2026-10-04T14:43:41,kn3,3.0,val,sentence,"{""d"": 0.7}",127773,,144.74935364157463,,,,,,0.0390973679792442,,,,,,,,False,818168.0,17.99
2026-10-04T14:43:46,kn3,3.0,val,sentence,"{""d"": 0.75}",127773,,141.60972305181107,,,,,,0.0390516243788638,,,,,,,,False,818168.0,17.99
2026-10-04T14:43:51,kn3,3.0,val,sentence,"{""d"": 0.8}",127773,,139.16535294190146,,,,,,0.0391086943114969,,,,,,,,False,818168.0,17.99
2026-10-04T14:43:56,kn3,3.0,val,sentence,"{""d"": 0.9}",127773,,136.6658103058962,,,,,,0.0391768566188091,,,,,,,,False,818168.0,17.99
2026-10-04T14:44:02,kn4,4.0,val,sentence,"{""d"": 0.5}",127773,,189.31766573632328,,,,,,0.0482022610677724,,,,,,,,False,1546000.0,44.43
2026-10-04T14:44:09,kn4,4.0,val,sentence,"{""d"": 0.6}",127773,,168.416597210676,,,,,,0.0487210874100186,,,,,,,,False,1546000.0,44.43
2026-10-04T14:44:15,kn4,4.0,val,sentence,"{""d"": 0.7}",127773,,153.89126429567918,,,,,,0.0485772745441364,,,,,,,,False,1546000.0,44.43
2026-10-04T14:44:21,kn4,4.0,val,sentence,"{""d"": 0.75}",127773,,148.42974956518552,,,,,,0.0485859829626609,,,,,,,,False,1546000.0,44.43
2026-10-04T14:44:28,kn4,4.0,val,sentence,"{""d"": 0.8}",127773,,144.02860925107245,,,,,,0.0487179826722979,,,,,,,,False,1546000.0,44.43
2026-10-04T14:44:34,kn4,4.0,val,sentence,"{""d"": 0.9}",127773,,138.59441217726075,,,,,,0.0489784281525723,,,,,,,,False,1546000.0,44.43
2026-10-04T14:44:41,kn5,5.0,val,sentence,"{""d"": 0.5}",127773,,206.18201599317945,,,,,,0.0558133573225847,,,,,,,,False,2317836.0,75.88
2026-10-04T14:44:49,kn5,5.0,val,sentence,"{""d"": 0.6}",127773,,179.9221578568986,,,,,,0.0559644651010518,,,,,,,,False,2317836.0,75.88
2026-10-04T14:44:56,kn5,5.0,val,sentence,"{""d"": 0.7}",127773,,161.79235514618526,,,,,,0.0554155659388717,,,,,,,,False,2317836.0,75.88
2026-10-04T14:45:03,kn5,5.0,val,sentence,"{""d"": 0.75}",127773,,154.9612991525205,,,,,,0.0564280583651232,,,,,,,,False,2317836.0,75.88
2026-10-04T14:45:11,kn5,5.0,val,sentence,"{""d"": 0.8}",127773,,149.4102768998858,,,,,,0.0557176555571014,,,,,,,,False,2317836.0,75.88
2026-10-04T14:45:18,kn5,5.0,val,sentence,"{""d"": 0.9}",127773,,142.24164212185767,,,,,,0.0564729825703482,,,,,,,,False,2317836.0,75.88
2026-10-04T14:45:25,unigram,1.0,val,sentence,{},127773,96939.0,396.1609125099087,0.0326184507783245,0.088117269623165,0.1326813769483902,0.0907135944574257,0.3967081163248523,0.0033140530644333,3675.0,648.3190234833197,0.0,0.0,0.0,0.0200590372335749,0.3461477530759888,False,14712.0,0.12
2026-10-04T14:45:33,laplace2,2.0,val,sentence,{},127773,96939.0,686.4646727329496,0.1076346981091201,0.2007860613375421,0.2601017134486636,0.1873259280716744,0.4683292215936937,0.0198342028311443,3675.0,760.7102788489041,0.0351020408163265,0.110204081632653,0.1523809523809524,0.1172047455832879,0.4925278555209378,False,239035.0,3.34
2026-10-04T14:45:41,laplace3,3.0,val,sentence,{},127773,96939.0,4427.529713300254,0.1106365858942221,0.1951536533283817,0.2536234126615707,0.1844743723447772,0.4492885444441675,0.0144108082414259,3675.0,3397.117631493701,0.0530612244897959,0.1352380952380952,0.1836734693877551,0.1286535712877527,0.4730421925331362,False,564421.0,14.42
2026-10-04T14:45:50,kn2,2.0,val,sentence,"{""d"": 0.8}",127773,96939.0,149.69826581737416,0.10820206521627,0.2014978491628756,0.2613086580220551,0.1880319823949502,0.4689999750803658,0.0278529352883033,3675.0,177.90593905039353,0.0351020408163265,0.1104761904761904,0.1515646258503401,0.1170231697638195,0.4924750488461741,False,253747.0,3.58
2026-10-04T14:46:02,kn3,3.0,val,sentence,"{""d"": 0.9}",127773,96939.0,136.6658103058962,0.1275131783905342,0.2281434716677498,0.2895532241925334,0.2102770507951794,0.4789221427562776,0.044447775377943,3675.0,152.70941071967684,0.059047619047619,0.1461224489795918,0.2081632653061224,0.1472982277696434,0.5063632043090247,False,818168.0,17.99
2026-10-04T14:46:15,kn4,4.0,val,sentence,"{""d"": 0.9}",127773,96939.0,138.59441217726075,0.1278535986548241,0.2277308410443681,0.2895119611301953,0.2104817712404813,0.4788203875833769,0.0545790276635612,3675.0,152.9159453725179,0.0650340136054421,0.1496598639455782,0.2092517006802721,0.1519790326470716,0.5062575909594973,False,1546000.0,44.43
2026-10-04T14:46:29,kn5,5.0,val,sentence,"{""d"": 0.9}",127773,96939.0,142.24164212185767,0.1272965473132588,0.2275038942015081,0.2892128039282435,0.2100438367909714,0.4787456286808376,0.0623214771186919,3675.0,156.06537340901875,0.0653061224489796,0.1512925170068027,0.2103401360544217,0.1526302449774915,0.5064160109837883,False,2317836.0,75.88
2026-10-04T14:46:41,kn3,3.0,val,cross,"{""d"": 0.9}",127773,96939.0,136.08703346764975,0.1275131783905342,0.2281434716677498,0.2895532241925334,0.2102774471173686,0.4789304493010042,0.0427686796280834,3675.0,153.4158340319218,0.059047619047619,0.1461224489795918,0.2081632653061224,0.147207545723528,0.5063632043090247,False,818168.0,17.99
2026-10-04T14:46:51,kn3,3.0,test,sentence,"{""d"": 0.9}",108336,81229.0,134.68140263038447,0.1261002843811939,0.2246365214393874,0.2842580851666277,0.2074472942971384,0.4771486828315961,0.0439094160677736,3715.0,138.33934906259242,0.0651413189771197,0.1633916554508748,0.2164199192462987,0.1568438782722757,0.5090671544290567,False,818168.0,17.99
2026-10-04T14:46:59,kn2,2.0,test,sentence,"{""d"": 0.8}",108336,81229.0,147.38102135996238,0.1077447709561855,0.1986236442649792,0.2554383286757192,0.1856305070354729,0.4673402191605699,0.0283106668071538,3715.0,159.15655067903538,0.045222072678331,0.1332436069986541,0.176043068640646,0.1320177834823027,0.499085445518683,False,253747.0,3.58
2026-10-04T16:29:12,rnn_h512_l1_d0.5,,val,sentence,"{""cell"": ""rnn"", ""hidden"": 512, ""layers"": 1, ""dropout"": 0.5}",127773,96939.0,116.5462683966648,0.1300199094275781,0.2324451459165042,0.2950102641867566,0.2142822391193671,0.4879305905122646,6.2079583333494766,3675.0,124.32055792325336,0.0674829931972789,0.1760544217687074,0.25578231292517,0.1685638456219442,0.5283307810107197,False,8073081.0,32.3
2026-10-04T16:29:38,lstm_h512_l1_d0.5,,val,sentence,"{""cell"": ""lstm"", ""hidden"": 512, ""layers"": 1, ""dropout"": 0.5}",127773,96939.0,99.85266078123068,0.142615459206305,0.2527053095245463,0.3167765295701421,0.2303622845570273,0.4989658351815396,7.559768333303509,3675.0,95.64495350326972,0.0865306122448979,0.2217687074829932,0.2979591836734694,0.1998832417492651,0.555209378465438,False,9649017.0,38.6
2026-10-04T16:29:54,lstm_h256_l1_d0.3,,val,sentence,"{""cell"": ""lstm"", ""hidden"": 256, ""layers"": 1, ""dropout"": 0.3}",127773,,106.84212077600988,,,,,,3.656538333307253,,,,,,,,False,4307577.0,17.23
2026-10-04T16:30:11,lstm_h256_l1_d0.5,,val,sentence,"{""cell"": ""lstm"", ""hidden"": 256, ""layers"": 1, ""dropout"": 0.5}",127773,,104.96611961367496,,,,,,3.707878666658265,,,,,,,,False,4307577.0,17.23
2026-10-04T16:30:28,lstm_h256_l2_d0.3,,val,sentence,"{""cell"": ""lstm"", ""hidden"": 256, ""layers"": 2, ""dropout"": 0.3}",127773,,107.84483238499014,,,,,,3.9552963333456623,,,,,,,,False,4833913.0,19.34
2026-10-04T16:30:45,lstm_h256_l2_d0.5,,val,sentence,"{""cell"": ""lstm"", ""hidden"": 256, ""layers"": 2, ""dropout"": 0.5}",127773,,109.56808976230283,,,,,,4.725970333335378,,,,,,,,False,4833913.0,19.34
2026-10-04T16:31:05,lstm_h512_l1_d0.3,,val,sentence,"{""cell"": ""lstm"", ""hidden"": 512, ""layers"": 1, ""dropout"": 0.3}",127773,,103.84199160044012,,,,,,8.754988666672338,,,,,,,,False,9649017.0,38.6
2026-10-04T16:31:26,lstm_h512_l2_d0.3,,val,sentence,"{""cell"": ""lstm"", ""hidden"": 512, ""layers"": 2, ""dropout"": 0.3}",127773,,103.20467731306434,,,,,,9.761147333338158,,,,,,,,False,11750265.0,47.01
2026-10-04T16:31:45,lstm_h512_l2_d0.5,,val,sentence,"{""cell"": ""lstm"", ""hidden"": 512, ""layers"": 2, ""dropout"": 0.5}",127773,,100.33848639392164,,,,,,9.156809333362617,,,,,,,,False,11750265.0,47.01
2026-10-04T16:33:03,ensemble_lstm_h512_l1_d0.5+kn3,,val,sentence,"{""lambda"": 0.8, ""a"": ""lstm_h512_l1_d0.5"", ""b"": ""kn3""}",127773,96939.0,94.75532885790476,0.1468242915647984,0.2594724517480065,0.3235952506215249,0.2360735751804737,0.5029301336523047,7.789374666657143,3675.0,94.00965879645383,0.0824489795918367,0.2168707482993197,0.2965986394557823,0.1966058061879567,0.5563711253102392,False,10467185.0,56.59
2026-10-04T16:33:30,rnn_h512_l1_d0.5,,test,sentence,"{""cell"": ""rnn"", ""hidden"": 512, ""layers"": 1, ""dropout"": 0.5}",108336,81229.0,112.9410717115826,0.1278238067685186,0.2292407883883834,0.2921001120289552,0.2112947913610075,0.4875517489984664,6.767445333340826,3715.0,108.47109024994664,0.0842530282637954,0.2088829071332436,0.278600269179004,0.1892306667416156,0.5351972824666841,False,8073081.0,32.3
2026-10-04T16:33:59,lstm_h512_l1_d0.5,,test,sentence,"{""cell"": ""lstm"", ""hidden"": 512, ""layers"": 1, ""dropout"": 0.5}",108336,81229.0,97.56859642196432,0.1387189304312499,0.2482241563973457,0.3117851998670425,0.225880862066539,0.4977467042917912,7.26872000004126,3715.0,86.89442255599619,0.0985195154777927,0.2492597577388963,0.3238223418573351,0.216195099304282,0.5574078912986673,False,9649017.0,38.6
2026-10-04T16:34:45,ensemble_lstm_h512_l1_d0.5+kn3,,test,sentence,"{""lambda"": 0.8, ""a"": ""lstm_h512_l1_d0.5"", ""b"": ""kn3""}",108336,81229.0,92.8408482831307,0.1431385342673183,0.2552044220660109,0.3198118898422977,0.2316284083756925,0.5019733370330822,7.685354333370924,3715.0,85.78976223425212,0.0947510094212651,0.2438761776581426,0.3208613728129206,0.2121357781444958,0.5586621374444735,False,10467185.0,56.59
2026-10-04T19:50:08,rnn_h512_l1_d0.5_s1,,test,sentence,"{""cell"": ""rnn"", ""hidden"": 512, ""layers"": 1, ""dropout"": 0.5}",108336,81229.0,112.15582887690528,0.1302982924817491,0.2341282054438685,0.2961380787649731,0.214563557093025,0.4896006500987288,5.49896399999966,3715.0,98.96521391645088,0.0912516823687752,0.2253028263795424,0.2969044414535666,0.2008487538944347,0.5431408413901229,False,8073081.0,32.3
2026-10-04T19:50:30,rnn_h512_l1_d0.5_s2,,test,sentence,"{""cell"": ""rnn"", ""hidden"": 512, ""layers"": 1, ""dropout"": 0.5}",108336,81229.0,112.23859245311178,0.1306922404559947,0.2343128685567962,0.2959657265262406,0.2147355705881616,0.4897220481082969,6.981892999999673,3715.0,102.11030930640815,0.0909825033647375,0.2234185733512786,0.293135935397039,0.1992007568083371,0.5387509798798014,False,8073081.0,32.3
2026-10-04T19:51:02,lstm_h512_l1_d0.5_s1,,test,sentence,"{""cell"": ""lstm"", ""hidden"": 512, ""layers"": 1, ""dropout"": 0.5}",108336,81229.0,97.4191236016967,0.1403685875734036,0.2502554506395499,0.3133856135124155,0.2276803450859718,0.4986485180771546,7.775047666666524,3715.0,81.94894468434667,0.108479138627187,0.2651413189771198,0.3442799461641992,0.2289511157006248,0.5672328194408153,False,9649017.0,38.6
2026-10-04T19:51:35,lstm_h512_l1_d0.5_s2,,test,sentence,"{""cell"": ""lstm"", ""hidden"": 512, ""layers"": 1, ""dropout"": 0.5}",108336,81229.0,97.38559480612383,0.1423013948220463,0.2521020817688264,0.3151460685223258,0.2294021038870005,0.4994487539361446,8.029095333333393,3715.0,79.48270013006706,0.1149394347240915,0.273485868102288,0.3493943472409152,0.2336616526156051,0.5655604912464072,False,9649017.0,38.6
2026-10-04T21:17:39,kn3+rerank,3,val,sentence,"{""rerank"": ""keystroke""}",127773,96939,136.6658103058962,0.10989385077213505,0.20215805816028637,0.2672711705299209,0.19035374880854208,0.4701296651631821,0.04226541444584514,3675,152.70941071967684,0.08761904761904762,0.1839455782312925,0.24598639455782312,0.18163178409534922,0.5205153931456936,False,,
2026-10-04T21:18:32,lstm_h512_l1_d0.5+rerank,,val,sentence,"{""rerank"": ""keystroke""}",127773,96939,99.85266078224836,0.1295247526795201,0.23912976201528796,0.30112751317839054,0.2161261336952474,0.4920838628755596,6.6021659999997455,3675,95.64495375346841,0.1287074829931973,0.27401360544217684,0.348843537414966,0.24393319022953552,0.5731636478850927,False,,
